<Anims>
  <Fighters>
    <Man>
      <InWater>
        <File>
          <FileName>SW_DBLSHT.STI</FileName>
        </File>
        <File>
          <FileName>SW_DIE.STI</FileName>
        </File>
        <File>
          <FileName>SW_FALL.STI</FileName>
        </File>
        <File>
          <FileName>SW_LOB.STI</FileName>
        </File>
        <File>
          <FileName>SW_N_SHOT.STI</FileName>
        </File>
        <File>
          <FileName>SW_N_STD.STI</FileName>
        </File>
        <File>
          <FileName>SW_N_WALK.STI</FileName>
        </File>
        <File>
          <FileName>SW_R_STD.STI</FileName>
        </File>
        <File>
          <FileName>SW_R_WALK.STI</FileName>
        </File>
        <File>
          <FileName>SW_SR_AIM.STI</FileName>
        </File>
        <File>
          <FileName>W_LAW.STI</FileName>
        </File>
      </InWater>
      <File>
        <FileName>SDIE1.STI</FileName>
      </File>
      <File>
        <FileName>A_LOOK.STI</FileName>
      </File>
      <File>
        <FileName>A_PULL.STI</FileName>
      </File>
      <File>
        <FileName>A_SPIT.STI</FileName>
      </File>
      <File>
        <FileName>A_SQUISH.STI</FileName>
      </File>
      <File>
        <FileName>KNF_BRT.STI</FileName>
      </File>
      <File>
        <FileName>K_LW_KICK.STI</FileName>
      </File>
      <File>
        <FileName>K_PUNCH.STI</FileName>
      </File>
      <File>
        <FileName>PUNCH_LW.STI</FileName>
      </File>
      <File>
        <FileName>SC_AIM.STI</FileName>
      </File>
      <File>
        <FileName>SC_DBLSH.STI</FileName>
      </File>
      <File>
        <FileName>SC_DIE.STI</FileName>
      </File>
      <File>
        <FileName>S_AWAKE.STI</FileName>
      </File>
      <File>
        <FileName>S_CLIMB.STI</FileName>
      </File>
      <File>
        <FileName>S_COWER.STI</FileName>
      </File>
      <File>
        <FileName>S_CROBAR.STI</FileName>
      </File>
      <File>
        <FileName>S_CR_AIM.STI</FileName>
      </File>
      <File>
        <FileName>S_C_DIE.STI</FileName>
      </File>
      <File>
        <FileName>S_C_RADO.STI</FileName>
      </File>
      <File>
        <FileName>S_C_STB.STI</FileName>
      </File>
      <File>
        <FileName>S_DBLSHT.STI</FileName>
      </File>
      <File>
        <FileName>S_DBL_BR.STI</FileName>
      </File>
      <File>
        <FileName>S_DB_PRN.STI</FileName>
      </File>
      <File>
        <FileName>S_DIE2.STI</FileName>
      </File>
      <File>
        <FileName>S_DIEBAC.STI</FileName>
      </File>
      <File>
        <FileName>S_DIEFWD.STI</FileName>
      </File>
      <File>
        <FileName>S_DIEHARD.STI</FileName>
      </File>
      <File>
        <FileName>S_DIEHARDB.STI</FileName>
      </File>
      <File>
        <FileName>S_DIEHD.STI</FileName>
      </File>
      <File>
        <FileName>S_DIEHDB.STI</FileName>
      </File>
      <File>
        <FileName>S_DIEJFK.STI</FileName>
      </File>
      <File>
        <FileName>S_DODGE.STI</FileName>
      </File>
      <File>
        <FileName>S_DR_KCK.STI</FileName>
      </File>
      <File>
        <FileName>S_D_BCK.STI</FileName>
      </File>
      <File>
        <FileName>S_D_BCK_NB.STI</FileName>
      </File>
      <File>
        <FileName>S_D_DHD.STI</FileName>
      </File>
      <File>
        <FileName>S_D_DHD_NB.STI</FileName>
      </File>
      <File>
        <FileName>S_D_DIE.STI</FileName>
      </File>
      <File>
        <FileName>S_D_FALL.STI</FileName>
      </File>
      <File>
        <FileName>S_D_FALLF.STI</FileName>
      </File>
      <File>
        <FileName>S_D_FALLF_NB.STI</FileName>
      </File>
      <File>
        <FileName>S_D_FALL_NB.STI</FileName>
      </File>
      <File>
        <FileName>S_D_FWD.STI</FileName>
      </File>
      <File>
        <FileName>S_D_FWD_NB.STI</FileName>
      </File>
      <File>
        <FileName>S_D_JFK.STI</FileName>
      </File>
      <File>
        <FileName>S_D_PRN.STI</FileName>
      </File>
      <File>
        <FileName>S_D_PRN_NB.STI</FileName>
      </File>
      <File>
        <FileName>S_D_WTR.STI</FileName>
      </File>
      <File>
        <FileName>S_FALL.STI</FileName>
      </File>
      <File>
        <FileName>S_FALLF.STI</FileName>
      </File>
      <File>
        <FileName>S_HELIDRP.STI</FileName>
      </File>
      <File>
        <FileName>S_HIT.STI</FileName>
      </File>
      <File>
        <FileName>S_HOP.STI</FileName>
      </File>
      <File>
        <FileName>S_I_BR_N.STI</FileName>
      </File>
      <File>
        <FileName>S_I_BR_R.STI</FileName>
      </File>
      <File>
        <FileName>S_I_WK_N.STI</FileName>
      </File>
      <File>
        <FileName>S_I_WK_R.STI</FileName>
      </File>
      <File>
        <FileName>S_KNF_BR.STI</FileName>
      </File>
      <File>
        <FileName>S_K_BRTH.STI</FileName>
      </File>
      <File>
        <FileName>S_K_THRO.STI</FileName>
      </File>
      <File>
        <FileName>S_LAW.STI</FileName>
      </File>
      <File>
        <FileName>S_LOB.STI</FileName>
      </File>
      <File>
        <FileName>S_MCLIMB.STI</FileName>
      </File>
      <File>
        <FileName>S_MEDIC.STI</FileName>
      </File>
      <File>
        <FileName>S_MORTAR.STI</FileName>
      </File>
      <File>
        <FileName>S_N_CRCH.STI</FileName>
      </File>
      <File>
        <FileName>S_N_C_AI.STI</FileName>
      </File>
      <File>
        <FileName>S_N_DRNK.STI</FileName>
      </File>
      <File>
        <FileName>S_N_PAIN.STI</FileName>
      </File>
      <File>
        <FileName>S_N_PRNE.STI</FileName>
      </File>
      <File>
        <FileName>S_N_RUN.STI</FileName>
      </File>
      <File>
        <FileName>S_N_SHOT.STI</FileName>
      </File>
      <File>
        <FileName>S_N_SSTP.STI</FileName>
      </File>
      <File>
        <FileName>S_N_STD.STI</FileName>
      </File>
      <File>
        <FileName>S_N_SWAT.STI</FileName>
      </File>
      <File>
        <FileName>S_N_WALK.STI</FileName>
      </File>
      <File>
        <FileName>S_OPEN.STI</FileName>
      </File>
      <File>
        <FileName>S_PCH_LO.STI</FileName>
      </File>
      <File>
        <FileName>S_PICKUP.STI</FileName>
      </File>
      <File>
        <FileName>S_PUNCH.STI</FileName>
      </File>
      <File>
        <FileName>S_P_BRT.STI</FileName>
      </File>
      <File>
        <FileName>S_P_BRTH.STI</FileName>
      </File>
      <File>
        <FileName>S_P_DIE.STI</FileName>
      </File>
      <File>
        <FileName>S_P_SHLO.STI</FileName>
      </File>
      <File>
        <FileName>S_RADIO.STI</FileName>
      </File>
      <File>
        <FileName>S_RAISE.STI</FileName>
      </File>
      <File>
        <FileName>S_ROLL.STI</FileName>
      </File>
      <File>
        <FileName>S_R_C.STI</FileName>
      </File>
      <File>
        <FileName>S_R_DRNK.STI</FileName>
      </File>
      <File>
        <FileName>S_R_HIT.STI</FileName>
      </File>
      <File>
        <FileName>S_R_PAIN.STI</FileName>
      </File>
      <File>
        <FileName>S_R_PRN.STI</FileName>
      </File>
      <File>
        <FileName>S_R_RUN.STI</FileName>
      </File>
      <File>
        <FileName>S_R_SDSP.STI</FileName>
      </File>
      <File>
        <FileName>S_R_STD.STI</FileName>
      </File>
      <File>
        <FileName>S_R_SWAT.STI</FileName>
      </File>
      <File>
        <FileName>S_R_WALK.STI</FileName>
      </File>
      <File>
        <FileName>S_SHTLO.STI</FileName>
      </File>
      <File>
        <FileName>S_SHTLOW.STI</FileName>
      </File>
      <File>
        <FileName>S_SLEEP.STI</FileName>
      </File>
      <File>
        <FileName>S_SLICE.STI</FileName>
      </File>
      <File>
        <FileName>S_SPNKCK.STI</FileName>
      </File>
      <File>
        <FileName>S_SR_AIM.STI</FileName>
      </File>
      <File>
        <FileName>S_STAB.STI</FileName>
      </File>
      <File>
        <FileName>S_SWIM.STI</FileName>
      </File>
      <File>
        <FileName>S_THROW.STI</FileName>
      </File>
      <File>
        <FileName>S_TRED.STI</FileName>
      </File>
    </Man>
    <Woman>
      <InWater>
        <File>
          <FileName>FW_DBL.STI</FileName>
        </File>
        <File>
          <FileName>FW_DIE.STI</FileName>
        </File>
        <File>
          <FileName>FW_DIE2.STI</FileName>
        </File>
        <File>
          <FileName>FW_FALL.STI</FileName>
        </File>
        <File>
          <FileName>FW_N_SHT.STI</FileName>
        </File>
        <File>
          <FileName>FW_N_STD.STI</FileName>
        </File>
        <File>
          <FileName>FW_N_WLK.STI</FileName>
        </File>
        <File>
          <FileName>FW_R_STD.STI</FileName>
        </File>
        <File>
          <FileName>FW_R_WLK.STI</FileName>
        </File>
        <File>
          <FileName>FW_SR_AI.STI</FileName>
        </File>
        <File>
          <FileName>FW_SWIM.STI</FileName>
        </File>
        <File>
          <FileName>FW_THRW.STI</FileName>
        </File>
        <File>
          <FileName>FW_TRED.STI</FileName>
        </File>
      </InWater>
      <File>
        <FileName>1_HND_N.STI</FileName>
      </File>
      <File>
        <FileName>A_CLEAN.STI</FileName>
      </File>
      <File>
        <FileName>A_KICKSN.STI</FileName>
      </File>
      <File>
        <FileName>A_WIPE.STI</FileName>
      </File>
      <File>
        <FileName>FC_DBLSH.STI</FileName>
      </File>
      <File>
        <FileName>F_BREATH.STI</FileName>
      </File>
      <File>
        <FileName>F_BRETH2.STI</FileName>
      </File>
      <File>
        <FileName>F_CLIMB.STI</FileName>
      </File>
      <File>
        <FileName>F_COWER.STI</FileName>
      </File>
      <File>
        <FileName>F_CROBAR.STI</FileName>
      </File>
      <File>
        <FileName>F_CR_AIM.STI</FileName>
      </File>
      <File>
        <FileName>F_C_DIE.STI</FileName>
      </File>
      <File>
        <FileName>F_C_STB.STI</FileName>
      </File>
      <File>
        <FileName>F_DBLSHT.STI</FileName>
      </File>
      <File>
        <FileName>F_DBL_BR.STI</FileName>
      </File>
      <File>
        <FileName>F_DB_PRN.STI</FileName>
      </File>
      <File>
        <FileName>F_DEAD.STI</FileName>
      </File>
      <File>
        <FileName>F_DEAD_NB.STI</FileName>
      </File>
      <File>
        <FileName>F_DIE1.STI</FileName>
      </File>
      <File>
        <FileName>F_DIEBAC.STI</FileName>
      </File>
      <File>
        <FileName>F_DIEFWD.STI</FileName>
      </File>
      <File>
        <FileName>F_DIEHD.STI</FileName>
      </File>
      <File>
        <FileName>F_DIEHDB.STI</FileName>
      </File>
      <File>
        <FileName>F_DIEJFK.STI</FileName>
      </File>
      <File>
        <FileName>F_DODGE.STI</FileName>
      </File>
      <File>
        <FileName>F_DR_KCK.STI</FileName>
      </File>
      <File>
        <FileName>F_D_BCK.STI</FileName>
      </File>
      <File>
        <FileName>F_D_BCK_NB.STI</FileName>
      </File>
      <File>
        <FileName>F_D_DHD.STI</FileName>
      </File>
      <File>
        <FileName>F_D_DHD_NB.STI</FileName>
      </File>
      <File>
        <FileName>F_D_FALL.STI</FileName>
      </File>
      <File>
        <FileName>F_D_FALLF.STI</FileName>
      </File>
      <File>
        <FileName>F_D_FALLF_NB.STI</FileName>
      </File>
      <File>
        <FileName>F_D_FALL_NB.STI</FileName>
      </File>
      <File>
        <FileName>F_D_FWD.STI</FileName>
      </File>
      <File>
        <FileName>F_D_FWD_NB.STI</FileName>
      </File>
      <File>
        <FileName>F_D_JFK.STI</FileName>
      </File>
      <File>
        <FileName>F_D_JFK_NB.STI</FileName>
      </File>
      <File>
        <FileName>F_D_PRN.STI</FileName>
      </File>
      <File>
        <FileName>F_D_PRN_NB.STI</FileName>
      </File>
      <File>
        <FileName>F_FALL.STI</FileName>
      </File>
      <File>
        <FileName>F_FALLF.STI</FileName>
      </File>
      <File>
        <FileName>F_HELIDRP.STI</FileName>
      </File>
      <File>
        <FileName>F_HOP.STI</FileName>
      </File>
      <File>
        <FileName>F_I_BR_N.STI</FileName>
      </File>
      <File>
        <FileName>F_I_BR_R.STI</FileName>
      </File>
      <File>
        <FileName>F_I_WK_N.STI</FileName>
      </File>
      <File>
        <FileName>F_I_WK_R.STI</FileName>
      </File>
      <File>
        <FileName>F_KNF_BR.STI</FileName>
      </File>
      <File>
        <FileName>F_K_THRO.STI</FileName>
      </File>
      <File>
        <FileName>F_LAW.STI</FileName>
      </File>
      <File>
        <FileName>F_LOB.STI</FileName>
      </File>
      <File>
        <FileName>F_MEDIC.STI</FileName>
      </File>
      <File>
        <FileName>F_MORTAR.STI</FileName>
      </File>
      <File>
        <FileName>F_N_CRCH.STI</FileName>
      </File>
      <File>
        <FileName>F_N_C_AI.STI</FileName>
      </File>
      <File>
        <FileName>F_N_DRNK.STI</FileName>
      </File>
      <File>
        <FileName>F_N_PAIN.STI</FileName>
      </File>
      <File>
        <FileName>F_N_PRNE.STI</FileName>
      </File>
      <File>
        <FileName>F_N_RUN.STI</FileName>
      </File>
      <File>
        <FileName>F_N_SDSP.STI</FileName>
      </File>
      <File>
        <FileName>F_N_SHOT.STI</FileName>
      </File>
      <File>
        <FileName>F_N_STD.STI</FileName>
      </File>
      <File>
        <FileName>F_N_SWAT.STI</FileName>
      </File>
      <File>
        <FileName>F_N_WALK.STI</FileName>
      </File>
      <File>
        <FileName>F_OPEN.STI</FileName>
      </File>
      <File>
        <FileName>F_PCH_LO.STI</FileName>
      </File>
      <File>
        <FileName>F_PICKUP.STI</FileName>
      </File>
      <File>
        <FileName>F_PUNCH.STI</FileName>
      </File>
      <File>
        <FileName>F_P_BRTH.STI</FileName>
      </File>
      <File>
        <FileName>F_P_DIE.STI</FileName>
      </File>
      <File>
        <FileName>F_P_PRNE.STI</FileName>
      </File>
      <File>
        <FileName>F_P_SHLO.STI</FileName>
      </File>
      <File>
        <FileName>F_RAISE.STI</FileName>
      </File>
      <File>
        <FileName>F_ROLL.STI</FileName>
      </File>
      <File>
        <FileName>F_R_C.STI</FileName>
      </File>
      <File>
        <FileName>F_R_DRNK.STI</FileName>
      </File>
      <File>
        <FileName>F_R_HIT.STI</FileName>
      </File>
      <File>
        <FileName>F_R_PAIN.STI</FileName>
      </File>
      <File>
        <FileName>F_R_PRN.STI</FileName>
      </File>
      <File>
        <FileName>F_R_RUN.STI</FileName>
      </File>
      <File>
        <FileName>F_R_SDSP.STI</FileName>
      </File>
      <File>
        <FileName>F_R_STD.STI</FileName>
      </File>
      <File>
        <FileName>F_R_SWAT.STI</FileName>
      </File>
      <File>
        <FileName>F_R_WALK.STI</FileName>
      </File>
      <File>
        <FileName>F_SHTLOW.STI</FileName>
      </File>
      <File>
        <FileName>F_SLAP.STI</FileName>
      </File>
      <File>
        <FileName>F_SLEEP.STI</FileName>
      </File>
      <File>
        <FileName>F_SLICE.STI</FileName>
      </File>
      <File>
        <FileName>F_SR_AIM.STI</FileName>
      </File>
      <File>
        <FileName>F_STAB.STI</FileName>
      </File>
      <File>
        <FileName>F_THROW.STI</FileName>
      </File>
      <File>
        <FileName>F_WALK.STI</FileName>
      </File>
      <File>
        <FileName>N_BRETH2.STI</FileName>
      </File>
    </Woman>
    <Strong>
      <InWater>
        <File>
          <FileName>MW_DBL.STI</FileName>
        </File>
        <File>
          <FileName>MW_DIE.STI</FileName>
        </File>
        <File>
          <FileName>MW_DIE2.STI</FileName>
        </File>
        <File>
          <FileName>MW_FALL.STI</FileName>
        </File>
        <File>
          <FileName>MW_N_SHT.STI</FileName>
        </File>
        <File>
          <FileName>MW_N_STD.STI</FileName>
        </File>
        <File>
          <FileName>MW_N_WAL.STI</FileName>
        </File>
        <File>
          <FileName>MW_N_WLK.STI</FileName>
        </File>
        <File>
          <FileName>MW_R_STD.STI</FileName>
        </File>
        <File>
          <FileName>MW_R_WAL.STI</FileName>
        </File>
        <File>
          <FileName>MW_SR_AI.STI</FileName>
        </File>
        <File>
          <FileName>MW_SR_AM.STI</FileName>
        </File>
        <File>
          <FileName>MW_SWIM.STI</FileName>
        </File>
        <File>
          <FileName>MW_SWM.STI</FileName>
        </File>
        <File>
          <FileName>MW_THROW.STI</FileName>
        </File>
        <File>
          <FileName>MW_TRED.STI</FileName>
        </File>
      </InWater>
      <File>
        <FileName>MC_DBLSH.STI</FileName>
      </File>
      <File>
        <FileName>M_BREATH.STI</FileName>
      </File>
      <File>
        <FileName>M_BRETH2.STI</FileName>
      </File>
      <File>
        <FileName>M_CLIMB.STI</FileName>
      </File>
      <File>
        <FileName>M_COWER.STI</FileName>
      </File>
      <File>
        <FileName>M_CROBAR.STI</FileName>
      </File>
      <File>
        <FileName>M_CR_AIM.STI</FileName>
      </File>
      <File>
        <FileName>M_C_DIE.STI</FileName>
      </File>
      <File>
        <FileName>M_C_RADO.STI</FileName>
      </File>
      <File>
        <FileName>M_C_STB.STI</FileName>
      </File>
      <File>
        <FileName>M_C_TRAN.STI</FileName>
      </File>
      <File>
        <FileName>M_DBLSHT.STI</FileName>
      </File>
      <File>
        <FileName>M_DBL_BR.STI</FileName>
      </File>
      <File>
        <FileName>M_DB_PRN.STI</FileName>
      </File>
      <File>
        <FileName>M_DIEBAC.STI</FileName>
      </File>
      <File>
        <FileName>M_DIEFWD.STI</FileName>
      </File>
      <File>
        <FileName>M_DIEHD.STI</FileName>
      </File>
      <File>
        <FileName>M_DIEHDB.STI</FileName>
      </File>
      <File>
        <FileName>M_DIEJFK.STI</FileName>
      </File>
      <File>
        <FileName>M_DODGE.STI</FileName>
      </File>
      <File>
        <FileName>M_DR_KCK.STI</FileName>
      </File>
      <File>
        <FileName>M_D_BCK.STI</FileName>
      </File>
      <File>
        <FileName>M_D_BCK_NB.STI</FileName>
      </File>
      <File>
        <FileName>M_D_DHD.STI</FileName>
      </File>
      <File>
        <FileName>M_D_DHD_NB.STI</FileName>
      </File>
      <File>
        <FileName>M_D_FALL.STI</FileName>
      </File>
      <File>
        <FileName>M_D_FALLF.STI</FileName>
      </File>
      <File>
        <FileName>M_D_FALLF_NB.STI</FileName>
      </File>
      <File>
        <FileName>M_D_FALL_NB.STI</FileName>
      </File>
      <File>
        <FileName>M_D_FWD.STI</FileName>
      </File>
      <File>
        <FileName>M_D_FWD_NB.STI</FileName>
      </File>
      <File>
        <FileName>M_D_JFK.STI</FileName>
      </File>
      <File>
        <FileName>M_D_JFK_NB.STI</FileName>
      </File>
      <File>
        <FileName>M_D_PRN.STI</FileName>
      </File>
      <File>
        <FileName>M_D_PRN_NB.STI</FileName>
      </File>
      <File>
        <FileName>M_FALL.STI</FileName>
      </File>
      <File>
        <FileName>M_FALLF.STI</FileName>
      </File>
      <File>
        <FileName>M_FLEX.STI</FileName>
      </File>
      <File>
        <FileName>M_HEDTURN.STI</FileName>
      </File>
      <File>
        <FileName>M_HELIDRP.STI</FileName>
      </File>
      <File>
        <FileName>M_HOP.STI</FileName>
      </File>
      <File>
        <FileName>M_I_BR_N.STI</FileName>
      </File>
      <File>
        <FileName>M_I_BR_R.STI</FileName>
      </File>
      <File>
        <FileName>M_I_TRAN.STI</FileName>
      </File>
      <File>
        <FileName>M_I_WK_N.STI</FileName>
      </File>
      <File>
        <FileName>M_I_WK_R.STI</FileName>
      </File>
      <File>
        <FileName>M_KNF_BR.STI</FileName>
      </File>
      <File>
        <FileName>M_K_BRTH.STI</FileName>
      </File>
      <File>
        <FileName>M_K_THRO.STI</FileName>
      </File>
      <File>
        <FileName>M_LAW.STI</FileName>
      </File>
      <File>
        <FileName>M_LOB.STI</FileName>
      </File>
      <File>
        <FileName>M_MEDIC.STI</FileName>
      </File>
      <File>
        <FileName>M_MORTAR.STI</FileName>
      </File>
      <File>
        <FileName>M_NECK.STI</FileName>
      </File>
      <File>
        <FileName>M_N_CRCH.STI</FileName>
      </File>
      <File>
        <FileName>M_N_C_AI.STI</FileName>
      </File>
      <File>
        <FileName>M_N_DRNK.STI</FileName>
      </File>
      <File>
        <FileName>M_N_PAIN.STI</FileName>
      </File>
      <File>
        <FileName>M_N_PRNE.STI</FileName>
      </File>
      <File>
        <FileName>M_N_RUN.STI</FileName>
      </File>
      <File>
        <FileName>M_N_SDSP.STI</FileName>
      </File>
      <File>
        <FileName>M_N_SHOT.STI</FileName>
      </File>
      <File>
        <FileName>M_N_STD.STI</FileName>
      </File>
      <File>
        <FileName>M_N_SWAT.STI</FileName>
      </File>
      <File>
        <FileName>M_N_WALK.STI</FileName>
      </File>
      <File>
        <FileName>M_OPEN.STI</FileName>
      </File>
      <File>
        <FileName>M_PCHLOW.STI</FileName>
      </File>
      <File>
        <FileName>M_PCH_LO.STI</FileName>
      </File>
      <File>
        <FileName>M_PICKUP.STI</FileName>
      </File>
      <File>
        <FileName>M_PUNCH.STI</FileName>
      </File>
      <File>
        <FileName>M_P_BRTH.STI</FileName>
      </File>
      <File>
        <FileName>M_P_DIE.STI</FileName>
      </File>
      <File>
        <FileName>M_P_SHLO.STI</FileName>
      </File>
      <File>
        <FileName>M_RADIO.STI</FileName>
      </File>
      <File>
        <FileName>M_RAISE.STI</FileName>
      </File>
      <File>
        <FileName>M_RAISE2.STI</FileName>
      </File>
      <File>
        <FileName>M_ROLL.STI</FileName>
      </File>
      <File>
        <FileName>M_R_C.STI</FileName>
      </File>
      <File>
        <FileName>M_R_DRNK.STI</FileName>
      </File>
      <File>
        <FileName>M_R_HIT.STI</FileName>
      </File>
      <File>
        <FileName>M_R_PAIN.STI</FileName>
      </File>
      <File>
        <FileName>M_R_PRN.STI</FileName>
      </File>
      <File>
        <FileName>M_R_RUN.STI</FileName>
      </File>
      <File>
        <FileName>M_R_RUN2.STI</FileName>
      </File>
      <File>
        <FileName>M_R_SDSP.STI</FileName>
      </File>
      <File>
        <FileName>M_R_STD.STI</FileName>
      </File>
      <File>
        <FileName>M_R_SWAT.STI</FileName>
      </File>
      <File>
        <FileName>M_R_WALK.STI</FileName>
      </File>
      <File>
        <FileName>M_SHOEDUST.STI</FileName>
      </File>
      <File>
        <FileName>M_SHOT.STI</FileName>
      </File>
      <File>
        <FileName>M_SHOT2.STI</FileName>
      </File>
      <File>
        <FileName>M_SHTLOW.STI</FileName>
      </File>
      <File>
        <FileName>M_SLEEP.STI</FileName>
      </File>
      <File>
        <FileName>M_SLICE.STI</FileName>
      </File>
      <File>
        <FileName>M_SR_AIM.STI</FileName>
      </File>
      <File>
        <FileName>M_SR_AM2.STI</FileName>
      </File>
      <File>
        <FileName>M_STAB.STI</FileName>
      </File>
      <File>
        <FileName>M_STRTCH.STI</FileName>
      </File>
      <File>
        <FileName>M_THROW.STI</FileName>
      </File>
      <File>
        <FileName>M_WALK.STI</FileName>
      </File>
      <File>
        <FileName>M_WALK2.STI</FileName>
      </File>
    </Strong>
		<Blow>
			<File>
				<FileName>S_EXPLD.STI</FileName>
			</File>
			<File>
				<FileName>S_BURNT.STI</FileName>
			</File>
			<File>
				<FileName>BOD_BLOW.STI</FileName>
			</File>
			<File>
				<FileName>S_FIRE.STI</FileName>
			</File>
			</Blow>
  </Fighters>
  <Civilian>
    <Man>
			<File>
				<FileName>M_WATCH.STI</FileName>
			</File>
			<File>
				<FileName>M_SMCKED.STI</FileName>
			</File>
			<File>
				<FileName>M_SCRATC.STI</FileName>
			</File>
			<File>
				<FileName>M_CW_HIT.STI</FileName>
			</File>
      <File>
        <FileName>MA_BREAT.STI</FileName>
      </File>
      <File>
        <FileName>M_ACT.STI</FileName>
      </File>
      <File>
        <FileName>M_DEAD1.STI</FileName>
      </File>
      <File>
        <FileName>M_DEAD1_NB.STI</FileName>
      </File>
      <File>
        <FileName>M_DEAD2.STI</FileName>
      </File>
      <File>
        <FileName>M_DEAD2_NB.STI</FileName>
      </File>
      <File>
        <FileName>M_DIE.STI</FileName>
      </File>
      <File>
        <FileName>M_DIE2.STI</FileName>
      </File>
			<File>
				<FileName>M_RUN.STI</FileName>
			</File>
    </Man>
    <Woman>
      <File>
        <FileName>DS_ACT.STI</FileName>
      </File>
      <File>
        <FileName>DS_BREATH.STI</FileName>
      </File>
      <File>
        <FileName>DS_COWER.STI</FileName>
      </File>
      <File>
        <FileName>DS_DIE.STI</FileName>
      </File>
      <File>
        <FileName>DS_DIE2.STI</FileName>
      </File>
      <File>
        <FileName>DS_RUN.STI</FileName>
      </File>
      <File>
        <FileName>DS_STRKE.STI</FileName>
      </File>
      <File>
        <FileName>DS_WALK.STI</FileName>
      </File>
      <File>
        <FileName>W_ACT.STI</FileName>
      </File>
      <File>
        <FileName>W_CW_HIT.STI</FileName>
      </File>
      <File>
        <FileName>W_DEAD1.STI</FileName>
      </File>
      <File>
        <FileName>W_DEAD1_NB.STI</FileName>
      </File>
      <File>
        <FileName>W_DEAD2.STI</FileName>
      </File>
      <File>
        <FileName>W_DEAD2_NB.STI</FileName>
      </File>
    </Woman>
    <Fat>
      <File>
        <FileName>FT_ACT.STI</FileName>
      </File>
      <File>
        <FileName>FT_BRTH.STI</FileName>
      </File>
      <File>
        <FileName>FT_COWER.STI</FileName>
      </File>
      <File>
        <FileName>FT_DEAD1.STI</FileName>
      </File>
      <File>
        <FileName>FT_DEAD1_NB.STI</FileName>
      </File>
      <File>
        <FileName>FT_DEAD2.STI</FileName>
      </File>
      <File>
        <FileName>FT_DEAD2_NB.STI</FileName>
      </File>
      <File>
        <FileName>FT_DIE.STI</FileName>
      </File>
      <File>
        <FileName>FT_DIE2.STI</FileName>
      </File>
      <File>
        <FileName>FT_RUN.STI</FileName>
      </File>
      <File>
        <FileName>FT_SCRTC.STI</FileName>
      </File>
      <File>
        <FileName>FT_WALK.STI</FileName>
      </File>
			<File>
				<FileName>F_ACT.STI</FileName>
			</File>
			<File>
				<FileName>F_CW_HIT.STI</FileName>
			</File>
    </Fat>
    <Boy>
      <File>
        <FileName>H_ACT.STI</FileName>
      </File>
      <File>
        <FileName>H_BREATH.STI</FileName>
      </File>
      <File>
        <FileName>H_COWER.STI</FileName>
      </File>
      <File>
        <FileName>H_CW_HIT.STI</FileName>
      </File>
      <File>
        <FileName>H_DEAD1.STI</FileName>
      </File>
      <File>
        <FileName>H_DEAD1_NB.STI</FileName>
      </File>
      <File>
        <FileName>H_DEAD2.STI</FileName>
      </File>
      <File>
        <FileName>H_DEAD2_NB.STI</FileName>
      </File>
      <File>
        <FileName>H_DIE.STI</FileName>
      </File>
      <File>
        <FileName>H_DIE2.STI</FileName>
      </File>
      <File>
        <FileName>H_DIEJFK.STI</FileName>
      </File>
      <File>
        <FileName>H_RUN.STI</FileName>
      </File>
      <File>
        <FileName>H_SKIP.STI</FileName>
      </File>
      <File>
        <FileName>H_WALK.STI</FileName>
      </File>
      <File>
        <FileName>H_YOYO.STI</FileName>
      </File>
      <File>
        <FileName>K_ACT.STI</FileName>
      </File>
      <File>
        <FileName>K_ARMPIT.STI</FileName>
      </File>
      <File>
        <FileName>K_BREATH.STI</FileName>
      </File>
      <File>
        <FileName>K_COWER.STI</FileName>
      </File>
      <File>
        <FileName>K_CW_HIT.STI</FileName>
      </File>
      <File>
        <FileName>K_DEAD1.STI</FileName>
      </File>
      <File>
        <FileName>K_DEAD1_NB.STI</FileName>
      </File>
      <File>
        <FileName>K_DEAD2.STI</FileName>
      </File>
      <File>
        <FileName>K_DEAD2_NB.STI</FileName>
      </File>
      <File>
        <FileName>K_DIE.STI</FileName>
      </File>
      <File>
        <FileName>K_DIE2.STI</FileName>
      </File>
      <File>
        <FileName>K_DIEJFK.STI</FileName>
      </File>
      <File>
        <FileName>K_RUN.STI</FileName>
      </File>
      <File>
        <FileName>K_SKIP.STI</FileName>
      </File>
      <File>
        <FileName>K_WALK.STI</FileName>
      </File>
    </Boy>
    <Girl>
      <File>
        <FileName>MI_ACT.STI</FileName>
      </File>
      <File>
        <FileName>MI_BREATH.STI</FileName>
      </File>
      <File>
        <FileName>MI_COWER.STI</FileName>
      </File>
      <File>
        <FileName>MI_DIE.STI</FileName>
      </File>
      <File>
        <FileName>MI_DIE2.STI</FileName>
      </File>
      <File>
        <FileName>MI_RUN.STI</FileName>
      </File>
      <File>
        <FileName>MI_STKNG.STI</FileName>
      </File>
      <File>
        <FileName>MI_WALK.STI</FileName>
      </File>
      <File>
        <FileName>S_ACT.STI</FileName>
      </File>
      <File>
        <FileName>S_DEAD1.STI</FileName>
      </File>
      <File>
        <FileName>S_DEAD1_NB.STI</FileName>
      </File>
      <File>
        <FileName>S_DEAD2.STI</FileName>
      </File>
      <File>
        <FileName>S_DEAD2_NB.STI</FileName>
      </File>
      <File>
        <FileName>S_CW_HIT.STI</FileName>
      </File>
    </Girl>
    <Invalid>
      <File>
        <FileName>CP_BEG.STI</FileName>
      </File>
      <File>
        <FileName>CP_BRETH.STI</FileName>
      </File>
      <File>
        <FileName>CP_DEAD1.STI</FileName>
      </File>
      <File>
        <FileName>CP_DEAD1_NB.STI</FileName>
      </File>
      <File>
        <FileName>CP_DEAD2.STI</FileName>
      </File>
      <File>
        <FileName>CP_DIE.STI</FileName>
      </File>
      <File>
        <FileName>CP_DIE2.STI</FileName>
      </File>
      <File>
        <FileName>CP_KICK.STI</FileName>
      </File>
      <File>
        <FileName>CP_RUN.STI</FileName>
      </File>
      <File>
        <FileName>CP_WALK.STI</FileName>
      </File>
      <File>
        <FileName>C_BRETH.STI</FileName>
      </File>
      <File>
        <FileName>C_DIE2.STI</FileName>
      </File>
      <File>
        <FileName>C_KICK.STI</FileName>
      </File>
      <File>
        <FileName>C_RUN.STI</FileName>
      </File>
      <File>
        <FileName>C_WALK.STI</FileName>
      </File>
    </Invalid>
  </Civilian>
  <Animals>
    <Crow>
      <File>
        <FileName>CR_DIE.STI</FileName>
      </File>
      <File>
        <FileName>CR_EAT.STI</FileName>
      </File>
      <File>
        <FileName>CR_FLY.STI</FileName>
      </File>
      <File>
        <FileName>CR_WALK.STI</FileName>
      </File>
    </Crow>
    <Cat>
      <File>
        <FileName>CT_BITE.STI</FileName>
      </File>
      <File>
        <FileName>CT_BREATH.STI</FileName>
      </File>
      <File>
        <FileName>CT_DEAD.STI</FileName>
      </File>
      <File>
        <FileName>CT_DIE.STI</FileName>
      </File>
      <File>
        <FileName>CT_HIT.STI</FileName>
      </File>
      <File>
        <FileName>CT_READY.STI</FileName>
      </File>
      <File>
        <FileName>CT_RUN.STI</FileName>
      </File>
      <File>
        <FileName>CT_SWIPE.STI</FileName>
      </File>
      <File>
        <FileName>CT_WALK.STI</FileName>
      </File>
    </Cat>
    <Cow>
      <File>
        <FileName>CW_DEAD1.STI</FileName>
      </File>
      <File>
        <FileName>C_DIE.STI</FileName>
      </File>
      <File>
        <FileName>C_BREATH.STI</FileName>
      </File>
      <File>
        <FileName>C_DEAD1.STI</FileName>
      </File>
      <File>
        <FileName>C_EAT.STI</FileName>
      </File>
    </Cow>
  </Animals>
  <Monster>
    <Small>
      <File>
        <FileName>I_ATTACK.STI</FileName>
      </File>
      <File>
        <FileName>I_BREATH.STI</FileName>
      </File>
      <File>
        <FileName>I_DEAD1.STI</FileName>
      </File>
      <File>
        <FileName>I_DIE.STI</FileName>
      </File>
      <File>
        <FileName>I_EAT.STI</FileName>
      </File>
      <File>
        <FileName>I_WALK.STI</FileName>
      </File>
    </Small>
    <Larva>
      <File>
        <FileName>L_BREATH.STI</FileName>
      </File>
      <File>
        <FileName>L_DEAD1.STI</FileName>
      </File>
      <File>
        <FileName>L_DIE.STI</FileName>
      </File>
      <File>
        <FileName>L_WALK.STI</FileName>
      </File>
    </Larva>
    <Big>
			<File>
				<FileName>M_SPIT.STI</FileName>
			</File>
			<File>
				<FileName>M_ATTAK.STI</FileName>
			</File>
			<File>
				<FileName>M_ATTK2.STI</FileName>
			</File>
			<File>
				<FileName>M_EAT.STI</FileName>
			</File>
      <File>
        <FileName>MN_ATTAK.STI</FileName>
      </File>
      <File>
        <FileName>MN_BREAT.STI</FileName>
      </File>
      <File>
        <FileName>MN_DEAD1.STI</FileName>
      </File>
      <File>
        <FileName>MN_DEAD2.STI</FileName>
      </File>
      <File>
        <FileName>MN_DIE1.STI</FileName>
      </File>
      <File>
        <FileName>MN_JUMP.STI</FileName>
      </File>
      <File>
        <FileName>MN_MELT.STI</FileName>
      </File>
      <File>
        <FileName>MN_UP.STI</FileName>
      </File>
      <File>
        <FileName>MN_WALK.STI</FileName>
      </File>
    </Big>
    <Queen>
      <File>
        <FileName>QMN_BREAT.STI</FileName>
      </File>
      <File>
        <FileName>QN_DEAD.STI</FileName>
      </File>
      <File>
        <FileName>Q_DEAD.STI</FileName>
      </File>
      <File>
        <FileName>Q_DIE.STI</FileName>
      </File>
      <File>
        <FileName>Q_READY.STI</FileName>
      </File>
      <File>
        <FileName>Q_SPIT_E.STI</FileName>
      </File>
      <File>
        <FileName>Q_SPIT_NE.STI</FileName>
      </File>
      <File>
        <FileName>Q_SPIT_S.STI</FileName>
      </File>
      <File>
        <FileName>Q_SPIT_SE.STI</FileName>
      </File>
      <File>
        <FileName>Q_SPIT_SW.STI</FileName>
      </File>
      <File>
        <FileName>Q_SWIPE.STI</FileName>
      </File>
      <File>
        <FileName>Q_TWITCH.STI</FileName>
      </File>
    </Queen>
  </Monster>
  <Machinery>
    <Hummer>
      <File>
        <FileName>4X4.STI</FileName>
      </File>
      <File>
        <FileName>ELDRDO.STI</FileName>
      </File>
      <File>
        <FileName>HMMV.STI</FileName>
      </File>
      <File>
        <FileName>HM_DEAD.STI</FileName>
      </File>
      <File>
        <FileName>HM_WREK.STI</FileName>
      </File>
      <File>
        <FileName>HUMMER.STI</FileName>
      </File>
      <File>
        <FileName>HUMMER2.STI</FileName>
      </File>
      <File>
        <FileName>JEEP.STI</FileName>
      </File>
      <File>
        <FileName>P_DECOMP2.STI</FileName>
      </File>
      <File>
        <FileName>RED_CAR1.STI</FileName>
      </File>
    </Hummer>
    <Truck>
      <File>
        <FileName>ATRUCK.STI</FileName>
      </File>
      <File>
        <FileName>ICECRM.STI</FileName>
      </File>
      <File>
        <FileName>IC_DEAD.STI</FileName>
      </File>
      <File>
        <FileName>IC_DEAD2.STI</FileName>
      </File>
      <File>
        <FileName>IC_WREK.STI</FileName>
      </File>
      <File>
        <FileName>IC_WRK2.STI</FileName>
      </File>
      <File>
        <FileName>VAN1.STI</FileName>
      </File>
      <File>
        <FileName>VAN2.STI</FileName>
      </File>
      <File>
        <FileName>VAN3.STI</FileName>
      </File>
      <File>
        <FileName>VAN4.STI</FileName>
      </File>
      <File>
        <FileName>WK_DEAD.STI</FileName>
      </File>
      <File>
        <FileName>WRECK.STI</FileName>
      </File>
    </Truck>
    <Robot>
      <File>
        <FileName>J_BREATH.STI</FileName>
      </File>
      <File>
        <FileName>J_DEAD.STI</FileName>
      </File>
      <File>
        <FileName>J_DIE.STI</FileName>
      </File>
      <File>
        <FileName>J_HIT.STI</FileName>
      </File>
      <File>
        <FileName>J_R_BRET.STI</FileName>
      </File>
      <File>
        <FileName>J_R_DEAD.STI</FileName>
      </File>
      <File>
        <FileName>J_R_DIE.STI</FileName>
      </File>
      <File>
        <FileName>J_R_HIT.STI</FileName>
      </File>
      <File>
        <FileName>J_R_SHOT.STI</FileName>
      </File>
      <File>
        <FileName>J_R_WALK.STI</FileName>
      </File>
      <File>
        <FileName>J_WALK.STI</FileName>
      </File>
      <File>
        <FileName>RBT_BRTH.STI</FileName>
      </File>
      <File>
        <FileName>RBT_DIE.STI</FileName>
      </File>
      <File>
        <FileName>RBT_HIT.STI</FileName>
      </File>
      <File>
        <FileName>RBT_WALK.STI</FileName>
      </File>
    </Robot>
    <Tank>
      <File>
        <FileName>APC.STI</FileName>
      </File>
      <File>
        <FileName>TANK_ROT.STI</FileName>
      </File>
      <File>
        <FileName>TANK_SHT.STI</FileName>
      </File>
      <File>
        <FileName>TK2_WREK.STI</FileName>
      </File>
      <File>
        <FileName>TK_DEAD.STI</FileName>
      </File>
      <File>
        <FileName>TK_WREK.STI</FileName>
      </File>
      <File>
        <FileName>TNK2_ROT.STI</FileName>
      </File>
      <File>
        <FileName>TNK2_SHT.STI</FileName>
      </File>
    </Tank>
  </Machinery>
</Anims>