<ArrayOfData xmlns:xsi="http://www.w3.org/2001/XMLSchema-instance" xmlns:xsd="http://www.w3.org/2001/XMLSchema">
	<Data name="JSDEditor">
		<LocalNames>
			<LocalName language="ru" name="Редактор JSD-файлов" />
			<LocalName language="en" name="JSD Editor" />
			<LocalName language="ua" name="Редактор JSD-файлів" />
			<LocalName language="cz" name="Editor JSD-souborů" />
		</LocalNames>
	</Data>
	<Data name="AllLevels">
		<LocalNames>
			<LocalName language="ru" name="Все уровни" />
			<LocalName language="en" name="All levels" />
			<LocalName language="ua" name="Всі рівні" />
			<LocalName language="cz" name="Všechny úrovně" />
		</LocalNames>
	</Data>
	<Data name="Level">
		<LocalNames>
			<LocalName language="ru" name="Уровень" />
			<LocalName language="en" name="Level" />
			<LocalName language="ua" name="Рівень" />
			<LocalName language="cz" name="Úroveň" />
		</LocalNames>
	</Data>
	<Data name="All">
		<LocalNames>
			<LocalName language="ru" name="Все" />
			<LocalName language="en" name="All" />
			<LocalName language="ua" name="Всі" />
			<LocalName language="cz" name="Všechny" />
      <LocalName language="de" name="Alle" />
		</LocalNames>
	</Data>
	<Data name="Shape">
		<LocalNames>
			<LocalName language="ru" name="Форма" />
			<LocalName language="en" name="Shape" />
			<LocalName language="ua" name="Форма" />
			<LocalName language="cz" name="Tvar" />
		</LocalNames>
	</Data>
	<Data name="File">
		<LocalNames>
			<LocalName language="ru" name="Файл" />
			<LocalName language="en" name="File" />
			<LocalName language="ua" name="Файл" />
			<LocalName language="cz" name="Soubor" />
      <LocalName language="de" name="Datei" />
		</LocalNames>
	</Data>
	<Data name="OpenFolder">
		<LocalNames>
			<LocalName language="ru" name="Открыть папку..." />
			<LocalName language="en" name="Open folder..." />
			<LocalName language="ua" name="Відкрити папку..." />
			<LocalName language="cz" name="Otevřít složku..." />
		</LocalNames>
	</Data>
	<Data name="OpenJSDFile">
		<LocalNames>
			<LocalName language="ru" name="Открыть JSD-Файл..." />
			<LocalName language="en" name="Open JSD-file..." />
			<LocalName language="ua" name="Відкрити JSD-файл..." />
			<LocalName language="cz" name="Otevřít JSD-soubor..." />
		</LocalNames>
	</Data>
	<Data name="Windows">
		<LocalNames>
			<LocalName language="ru" name="Окна" />
			<LocalName language="en" name="Windows" />
			<LocalName language="ua" name="Вікна" />
			<LocalName language="cz" name="Okna" />
      <LocalName language="de" name="Fenster" />
		</LocalNames>
	</Data>
	<Data name="Structures">
		<LocalNames>
			<LocalName language="ru" name="Структуры" />
			<LocalName language="en" name="Structures" />
			<LocalName language="ua" name="Структури" />
			<LocalName language="cz" name="Struktury" />
		</LocalNames>
	</Data>
	<Data name="Auxiliary">
		<LocalNames>
			<LocalName language="ru" name="Вспомогательные данные" />
			<LocalName language="en" name="Auxiliary data" />
			<LocalName language="ua" name="Допоміжні дані" />
			<LocalName language="cz" name="Pomocná data" />
		</LocalNames>
	</Data>
	<Data name="Tiles">
		<LocalNames>
			<LocalName language="ru" name="Тайлы" />
			<LocalName language="en" name="Tiles" />
			<LocalName language="ua" name="Тайли" />
			<LocalName language="cz" name="Dlaždice" />
		</LocalNames>
	</Data>
	<Data name="View">
		<LocalNames>
			<LocalName language="ru" name="Просмотр" />
			<LocalName language="en" name="View" />
			<LocalName language="ua" name="Перегляд" />
			<LocalName language="cz" name="Přehled" />
		</LocalNames>
	</Data>
	<Data name="ShowAll">
		<LocalNames>
			<LocalName language="ru" name="Показать все" />
			<LocalName language="en" name="Show all" />
			<LocalName language="ua" name="Показати всі" />
			<LocalName language="cz" name="Ukázat všechny" />
		</LocalNames>
	</Data>
	<Data name="Lock">
		<LocalNames>
			<LocalName language="ru" name="Закрепить" />
			<LocalName language="en" name="Lock" />
			<LocalName language="ua" name="Закріпити" />
			<LocalName language="cz" name="Uzamknout" />
      <LocalName language="de" name="Fixieren" />
		</LocalNames>
	</Data>
	<Data name="Default">
		<LocalNames>
			<LocalName language="ru" name="По умолчанию" />
			<LocalName language="en" name="Default" />
			<LocalName language="ua" name="По замовчуванню" />
			<LocalName language="cz" name="Implicitně" />
		</LocalNames>
	</Data>
	<Data name="Files">
		<LocalNames>
			<LocalName language="ru" name="Файлы" />
			<LocalName language="en" name="Files" />
			<LocalName language="ua" name="Файли" />
			<LocalName language="cz" name="Soubory" />
		</LocalNames>
	</Data>
	<Data name="ContainsStructures">
		<LocalNames>
			<LocalName language="ru" name="Содержит структуры" />
			<LocalName language="en" name="Contains structures" />
			<LocalName language="ua" name="Містить структури" />
			<LocalName language="cz" name="Obsahuje struktury" />
		</LocalNames>
	</Data>
	<Data name="ContainsAuxiliary">
		<LocalNames>
			<LocalName language="ru" name="Содержит вспомогательные данные" />
			<LocalName language="en" name="Contains auxiliary data" />
			<LocalName language="ua" name="Містить допоміжні дані" />
			<LocalName language="cz" name="Obsahuje pomocná data" />
		</LocalNames>
	</Data>
	<Data name="CountOfElements">
		<LocalNames>
			<LocalName language="ru" name="Число элементов" />
			<LocalName language="en" name="Count of elements" />
			<LocalName language="ua" name="Кількість елементів" />
			<LocalName language="cz" name="Počet elementů" />
		</LocalNames>
	</Data>
	<Data name="CountOfStructures">
		<LocalNames>
			<LocalName language="ru" name="Число структур" />
			<LocalName language="en" name="Count of structures" />
			<LocalName language="ua" name="Кількість структур" />
			<LocalName language="cz" name="Počet struktur" />
		</LocalNames>
	</Data>
	<Data name="CountOfTiles">
		<LocalNames>
			<LocalName language="ru" name="Число тайлов" />
			<LocalName language="en" name="Count of tiles" />
			<LocalName language="ua" name="Кількість тайлів" />
			<LocalName language="cz" name="Počet dlaždic" />
		</LocalNames>
	</Data>
	<Data name="CountOfFrames">
		<LocalNames>
			<LocalName language="ru" name="Число кадров" />
			<LocalName language="en" name="Count of frames" />
			<LocalName language="ua" name="Кількість кадрів" />
			<LocalName language="cz" name="Počet snímků" />
		</LocalNames>
	</Data>
	<Data name="CurrentFrame">
		<LocalNames>
			<LocalName language="ru" name="Текущий кадр" />
			<LocalName language="en" name="Current frame" />
			<LocalName language="ua" name="Поточний кадр" />
			<LocalName language="cz" name="Stávající snímek" />
		</LocalNames>
	</Data>
	<Data name="Image">
		<LocalNames>
			<LocalName language="ru" name="Изображение" />
			<LocalName language="en" name="Image" />
			<LocalName language="ua" name="Зображення" />
			<LocalName language="cz" name="Obrázek" />
		</LocalNames>
	</Data>
	<Data name="Orientation">
		<LocalNames>
			<LocalName language="ru" name="Ориентация" />
			<LocalName language="en" name="Orientation" />
			<LocalName language="ua" name="Орієнтація" />
			<LocalName language="cz" name="Orientace" />
		</LocalNames>
	</Data>
	<Data name="Flags">
		<LocalNames>
			<LocalName language="ru" name="Флаги" />
			<LocalName language="en" name="Flags" />
			<LocalName language="ua" name="Прапорці" />
			<LocalName language="cz" name="Vlajky" />
		</LocalNames>
	</Data>
	<Data name="TileLocation">
		<LocalNames>
			<LocalName language="ru" name="Координаты тайла" />
			<LocalName language="en" name="Tile location" />
			<LocalName language="ua" name="Координати тайлу" />
			<LocalName language="cz" name="Umístění dlaždic" />
		</LocalNames>
	</Data>
	<Data name="Offset">
		<LocalNames>
			<LocalName language="ru" name="Смещение" />
			<LocalName language="en" name="Shift" />
			<LocalName language="ua" name="Зміщення" />
			<LocalName language="cz" name="Posun" />
		</LocalNames>
	</Data>
	<Data name="PosRelToBase">
		<LocalNames>
			<LocalName language="ru" name="PosRelToBase" />
			<LocalName language="en" name="PosRelToBase" />
			<LocalName language="ua" name="Позиція відносно бази" />
			<LocalName language="cz" name="Pozice vůči bázi" />
		</LocalNames>
	</Data>
	<Data name="OnRoof">
		<LocalNames>
			<LocalName language="ru" name="На крыше" />
			<LocalName language="en" name="On roof" />
			<LocalName language="ua" name="На даху" />
			<LocalName language="cz" name="Na střeše" />
		</LocalNames>
	</Data>
	<Data name="Passable">
		<LocalNames>
			<LocalName language="ru" name="Проходимый" />
			<LocalName language="en" name="Passable" />
			<LocalName language="ua" name="Прохідний" />
			<LocalName language="cz" name="Průchozí" />
		</LocalNames>
	</Data>
	<Data name="Settings">
		<LocalNames>
			<LocalName language="ru" name="Настройки" />
			<LocalName language="en" name="Settings" />
			<LocalName language="ua" name="Налаштування" />
			<LocalName language="cz" name="Nastavení" />
		</LocalNames>
	</Data>
	<Data name="SelectedOnly">
		<LocalNames>
			<LocalName language="ru" name="Только выбранный тайл" />
			<LocalName language="en" name="Selected only" />
			<LocalName language="ua" name="Тільки вибраний тайл" />
			<LocalName language="cz" name="Pouze vybraná dlaždice" />
		</LocalNames>
	</Data>
	<Data name="TransparentStructures">
		<LocalNames>
			<LocalName language="ru" name="Прозрачные структуры" />
			<LocalName language="en" name="Transparent structures" />
			<LocalName language="ua" name="Прозорі структури" />
			<LocalName language="cz" name="Průhledné struktury" />
		</LocalNames>
	</Data>
	<Data name="StructureColor">
		<LocalNames>
			<LocalName language="ru" name="Цвет структуры" />
			<LocalName language="en" name="Structure color" />
			<LocalName language="ua" name="Колір структури" />
			<LocalName language="cz" name="Barva struktury" />
		</LocalNames>
	</Data>
	<Data name="TileColor">
		<LocalNames>
			<LocalName language="ru" name="Цвет тайла" />
			<LocalName language="en" name="Tile color" />
			<LocalName language="ua" name="Колір тайла" />
			<LocalName language="cz" name="Barva dlaždice" />
		</LocalNames>
	</Data>
	<Data name="BackgroundColor">
		<LocalNames>
			<LocalName language="ru" name="Цвет поверхности" />
			<LocalName language="en" name="Background color" />
			<LocalName language="ua" name="Колір поверхні" />
			<LocalName language="cz" name="Barva pozadí" />
		</LocalNames>
	</Data>
	<Data name="Name">
		<LocalNames>
			<LocalName language="ru" name="Название" />
			<LocalName language="en" name="Name" />
			<LocalName language="ua" name="Ім'я" />
			<LocalName language="cz" name="Jméno" />
		</LocalNames>
	</Data>
	<Data name="Value">
		<LocalNames>
			<LocalName language="ru" name="Значение" />
			<LocalName language="en" name="Value" />
			<LocalName language="ua" name="Значення" />
			<LocalName language="cz" name="Hodnota" />
		</LocalNames>
	</Data>
	<Data name="EditFlags">
		<LocalNames>
			<LocalName language="ru" name="Редактировать флаги" />
			<LocalName language="en" name="Edit flags" />
			<LocalName language="ua" name="Редагувати прапорці" />
			<LocalName language="cz" name="Editovat vlajky" />
		</LocalNames>
	</Data>
	<Data name="Save">
		<LocalNames>
			<LocalName language="ru" name="Сохранить" />
			<LocalName language="en" name="Save" />
			<LocalName language="ua" name="Зберегти" />
			<LocalName language="cz" name="Uložit" />
      <LocalName language="de" name="Speichern" />
		</LocalNames>
	</Data>
  <Data name="Save...">
    <LocalNames>
      <LocalName language="ru" name="Сохранить..." />
      <LocalName language="en" name="Save..." />
      <LocalName language="ua" name="Зберегти..." />
      <LocalName language="cz" name="Uložit..." />
      <LocalName language="de" name="Speichern..." />
    </LocalNames>
  </Data>
	<Data name="SaveAs">
		<LocalNames>
			<LocalName language="ru" name="Сохранить как..." />
			<LocalName language="en" name="Save as..." />
			<LocalName language="ua" name="Зберегти як..." />
			<LocalName language="cz" name="Uložit jako..." />
		</LocalNames>
	</Data>
	<Data name="Number">
		<LocalNames>
			<LocalName language="ru" name="Номер" />
			<LocalName language="en" name="Number" />
			<LocalName language="ua" name="Номер" />
			<LocalName language="cz" name="Čislo" />
		</LocalNames>
	</Data>
	<Data name="Vitality">
		<LocalNames>
			<LocalName language="ru" name="Живучесть" />
			<LocalName language="en" name="Vitality" />
			<LocalName language="ua" name="Живучість" />
			<LocalName language="cz" name="Životaschopnost" />
		</LocalNames>
	</Data>
	<Data name="Density">
		<LocalNames>
			<LocalName language="ru" name="Плотность" />
			<LocalName language="en" name="Density" />
			<LocalName language="ua" name="Густина" />
			<LocalName language="cz" name="Hustota" />
		</LocalNames>
	</Data>
	<Data name="Armour">
		<LocalNames>
			<LocalName language="ru" name="Броня" />
			<LocalName language="en" name="Armour" />
			<LocalName language="ua" name="Броня" />
			<LocalName language="cz" name="Brnění" />
		</LocalNames>
	</Data>
	<Data name="PartnerDelta">
		<LocalNames>
			<LocalName language="ru" name="Расстояние до альтернативной версии объекта" />
			<LocalName language="en" name="Partner delta" />
			<LocalName language="ua" name="Відстань до альтернативної версії об'єкта" />
			<LocalName language="cz" name="Vzdálenost do alternativní verze objektu" />
		</LocalNames>
	</Data>
	<Data name="DestructionPartner">
		<LocalNames>
			<LocalName language="ru" name="Разрушенная версия объекта" />
			<LocalName language="en" name="Destruction partner" />
			<LocalName language="ua" name="Зруйнована версія об'єкта" />
			<LocalName language="cz" name="Zničená verze objektu" />
		</LocalNames>
	</Data>
	<Data name="About">
		<LocalNames>
			<LocalName language="ru" name="О программе" />
			<LocalName language="en" name="About" />
			<LocalName language="ua" name="Про програму" />
			<LocalName language="cz" name="O aplikaci" />
      <LocalName language="de" name="Uber's Programm" />
		</LocalNames>
	</Data>
	<Data name="Information">
		<LocalNames>
			<LocalName language="ru" name="Справка" />
			<LocalName language="en" name="Information" />
			<LocalName language="ua" name="Довідка" />
			<LocalName language="cz" name="Informace" />
      <LocalName language="de" name="Information" />
		</LocalNames>
	</Data>
	<Data name="Format">
		<LocalNames>
			<LocalName language="ru" name="Формат JSD" />
			<LocalName language="en" name="JSD-file format" />
			<LocalName language="ua" name="Формат JSD" />
			<LocalName language="cz" name="Format JSD" />
		</LocalNames>
	</Data>
	<Data name="MATERIAL_NOTHING">
		<LocalNames>
			<LocalName language="ru" name="Ничего" />
			<LocalName language="en" name="Nothing" />
			<LocalName language="ua" name="Нічого" />
			<LocalName language="cz" name="Nic" />
		</LocalNames>
	</Data>
	<Data name="MATERIAL_WOOD_WALL">
		<LocalNames>
			<LocalName language="ru" name="Дерево" />
			<LocalName language="en" name="Dry timber" />
			<LocalName language="ua" name="Дерево" />
			<LocalName language="cz" name="Dřevo" />
		</LocalNames>
	</Data>
	<Data name="MATERIAL_PLYWOOD_WALL">
		<LocalNames>
			<LocalName language="ru" name="Фанера" />
			<LocalName language="en" name="Plywood" />
			<LocalName language="ua" name="Фанера" />
			<LocalName language="cz" name="Překližka" />
		</LocalNames>
	</Data>
	<Data name="MATERIAL_LIVE_WOOD">
		<LocalNames>
			<LocalName language="ru" name="Живое дерево" />
			<LocalName language="en" name="Tree wood" />
			<LocalName language="ua" name="Живе дерево" />
			<LocalName language="cz" name="Živé dřevo" />
		</LocalNames>
	</Data>
	<Data name="MATERIAL_LIGHT_VEGETATION">
		<LocalNames>
			<LocalName language="ru" name="Трава" />
			<LocalName language="en" name="Light vegetation" />
			<LocalName language="ua" name="Трава" />
			<LocalName language="cz" name="Tráva" />
		</LocalNames>
	</Data>
	<Data name="MATERIAL_FURNITURE">
		<LocalNames>
			<LocalName language="ru" name="Мебель" />
			<LocalName language="en" name="Furniture" />
			<LocalName language="ua" name="Меблі" />
			<LocalName language="cz" name="Nábytek" />
		</LocalNames>
	</Data>
	<Data name="MATERIAL_PORCELAIN">
		<LocalNames>
			<LocalName language="ru" name="Фарфор" />
			<LocalName language="en" name="Porcelain" />
			<LocalName language="ua" name="Порцеляна" />
			<LocalName language="cz" name="Porcelán" />
		</LocalNames>
	</Data>
	<Data name="MATERIAL_CACTUS">
		<LocalNames>
			<LocalName language="ru" name="Кактус, бамбук" />
			<LocalName language="en" name="Cactus, bamboo" />
			<LocalName language="ua" name="Кактус, бамбук" />
			<LocalName language="cz" name="Kaktus, bambus" />
		</LocalNames>
	</Data>
	<Data name="MATERIAL_NOTUSED1">
		<LocalNames>
			<LocalName language="ru" name="Не используется 1" />
			<LocalName language="en" name="not used 1" />
			<LocalName language="ua" name="Не використовується 1" />
			<LocalName language="cz" name="Nepouživá se 1" />
		</LocalNames>
	</Data>
	<Data name="MATERIAL_NOTUSED2">
		<LocalNames>
			<LocalName language="ru" name="Не используется 2" />
			<LocalName language="en" name="not used 2" />
			<LocalName language="ua" name="Не використовується 2" />
			<LocalName language="cz" name="Nepouživá se 2" />
		</LocalNames>
	</Data>
	<Data name="MATERIAL_NOTUSED3">
		<LocalNames>
			<LocalName language="ru" name="Не используется 3" />
			<LocalName language="en" name="not used 3" />
			<LocalName language="ua" name="Не використовується 3" />
			<LocalName language="cz" name="Nepouživá se 3" />
		</LocalNames>
	</Data>
	<Data name="MATERIAL_STONE">
		<LocalNames>
			<LocalName language="ru" name="Каменная кладка" />
			<LocalName language="en" name="Stone masonry" />
			<LocalName language="ua" name="Кам'яна стіна" />
			<LocalName language="cz" name="Kamenná zeď" />
		</LocalNames>
	</Data>
	<Data name="MATERIAL_CONCRETE1">
		<LocalNames>
			<LocalName language="ru" name="Бетон" />
			<LocalName language="en" name="Non-reinforced concrete" />
			<LocalName language="ua" name="Бетон" />
			<LocalName language="cz" name="Beton" />
		</LocalNames>
	</Data>
	<Data name="MATERIAL_CONCRETE2">
		<LocalNames>
			<LocalName language="ru" name="Железобетон" />
			<LocalName language="en" name="Reinforced concrete" />
			<LocalName language="ua" name="Залізобетон" />
			<LocalName language="cz" name="Železo-beton" />
		</LocalNames>
	</Data>
	<Data name="MATERIAL_ROCK">
		<LocalNames>
			<LocalName language="ru" name="Камень" />
			<LocalName language="en" name="Rock" />
			<LocalName language="ua" name="Камінь" />
			<LocalName language="cz" name="Kámen" />
		</LocalNames>
	</Data>
	<Data name="MATERIAL_RUBBER">
		<LocalNames>
			<LocalName language="ru" name="Резина" />
			<LocalName language="en" name="Rubber" />
			<LocalName language="ua" name="Гума" />
			<LocalName language="cz" name="Guma" />
		</LocalNames>
	</Data>
	<Data name="MATERIAL_SAND">
		<LocalNames>
			<LocalName language="ru" name="Песок" />
			<LocalName language="en" name="Sand" />
			<LocalName language="ua" name="Пісок" />
			<LocalName language="cz" name="Písek" />
		</LocalNames>
	</Data>
	<Data name="MATERIAL_CLOTH">
		<LocalNames>
			<LocalName language="ru" name="Ткань" />
			<LocalName language="en" name="Cloth" />
			<LocalName language="ua" name="Тканина" />
			<LocalName language="cz" name="Látka" />
		</LocalNames>
	</Data>
	<Data name="MATERIAL_SANDBAG">
		<LocalNames>
			<LocalName language="ru" name="Мешок с песком" />
			<LocalName language="en" name="Sandbag" />
			<LocalName language="ua" name="Мішок з піском" />
			<LocalName language="cz" name="Pytel písku" />
		</LocalNames>
	</Data>
	<Data name="MATERIAL_NOTUSED5">
		<LocalNames>
			<LocalName language="ru" name="Не используется 5" />
			<LocalName language="en" name="not used 5" />
			<LocalName language="ua" name="Не використовується 5" />
			<LocalName language="cz" name="Nepouživá se 5" />
		</LocalNames>
	</Data>
	<Data name="MATERIAL_NOTUSED6">
		<LocalNames>
			<LocalName language="ru" name="Не используется 6" />
			<LocalName language="en" name="not used 6" />
			<LocalName language="ua" name="Не використовується 6" />
			<LocalName language="cz" name="Nepouživá se 6" />
		</LocalNames>
	</Data>
	<Data name="MATERIAL_LIGHT_METAL">
		<LocalNames>
			<LocalName language="ru" name="Тонкий металл" />
			<LocalName language="en" name="Light metal" />
			<LocalName language="ua" name="Тонкий метал" />
			<LocalName language="cz" name="Tenký kov" />
		</LocalNames>
	</Data>
	<Data name="MATERIAL_THICKER_METAL">
		<LocalNames>
			<LocalName language="ru" name="Толстый металл" />
			<LocalName language="en" name="Thicker metal" />
			<LocalName language="ua" name="Товстіший метал" />
			<LocalName language="cz" name="Tlustý kov" />
		</LocalNames>
	</Data>
	<Data name="MATERIAL_HEAVY_METAL">
		<LocalNames>
			<LocalName language="ru" name="Тяжёлый металл" />
			<LocalName language="en" name="Heavy metal" />
			<LocalName language="ua" name="Важкий метал" />
			<LocalName language="cz" name="Těžký kov" />
		</LocalNames>
	</Data>
	<Data name="MATERIAL_INDESTRUCTABLE_STONE">
		<LocalNames>
			<LocalName language="ru" name="Неразрушимый камень" />
			<LocalName language="en" name="Rock indestructable" />
			<LocalName language="ua" name="Незнищенний камінь" />
			<LocalName language="cz" name="Nezničitelný kámen" />
		</LocalNames>
	</Data>
	<Data name="MATERIAL_INDESTRUCTABLE_METAL">
		<LocalNames>
			<LocalName language="ru" name="Неразрушимый металл" />
			<LocalName language="en" name="Metal indestructable" />
			<LocalName language="ua" name="Незнищенний метал" />
			<LocalName language="cz" name="Nezničitelný kov" />
		</LocalNames>
	</Data>
	<Data name="MATERIAL_THICKER_METAL_WITH_SCREEN_WINDOWS">
		<LocalNames>
			<LocalName language="ru" name="Толстый металл с окном" />
			<LocalName language="en" name="Thicker metal with screen windows" />
			<LocalName language="ua" name="Товстіший метал з вікном" />
			<LocalName language="cz" name="Tlustý kov s oknem" />
		</LocalNames>
	</Data>
  <Data name="StiEditor">
    <LocalNames>
      <LocalName language="ru" name="Редактор STI файлов" />
      <LocalName language="en" name="STI file editor" />
      <LocalName language="de" name="STI-Datei Redaktor" />
    </LocalNames>
  </Data>
  <Data name="Open">
    <LocalNames>
      <LocalName language="ru" name="Открыть" />
      <LocalName language="en" name="Open" />
      <LocalName language="de" name="Öffnen" />
    </LocalNames>
  </Data>
  <Data name="Open...">
    <LocalNames>
      <LocalName language="ru" name="Открыть..." />
      <LocalName language="en" name="Open..." />
      <LocalName language="de" name="Öffnen..." />
    </LocalNames>
  </Data>
  <Data name="Help">
    <LocalNames>
      <LocalName language="ru" name="Помощь" />
      <LocalName language="en" name="Help" />
      <LocalName language="de" name="Hilfe" />
    </LocalNames>
  </Data>
  <Data name="Library">
    <LocalNames>
      <LocalName language="ru" name="Библиотека" />
      <LocalName language="en" name="Library" />
      <LocalName language="de" name="Bibliotek" />
    </LocalNames>
  </Data>
  <Data name="WorkingArea">
    <LocalNames>
      <LocalName language="ru" name="Рабочая область" />
      <LocalName language="en" name="Working area" />
      <LocalName language="de" name="Arbeitsoberfläche" />
    </LocalNames>
  </Data>
  <Data name="Player">
    <LocalNames>
      <LocalName language="ru" name="Проигрыватель" />
      <LocalName language="en" name="Player" />
      <LocalName language="de" name="Abspieler" />
    </LocalNames>
  </Data>
  <Data name="Background">
    <LocalNames>
      <LocalName language="ru" name="Фон" />
      <LocalName language="en" name="Background" />
      <LocalName language="de" name="Hintergrund" />
    </LocalNames>
  </Data>
  <Data name="Load">
    <LocalNames>
      <LocalName language="ru" name="Загрузить" />
      <LocalName language="en" name="Load" />
      <LocalName language="de" name="Laden" />
    </LocalNames>
  </Data>
  <Data name="Load...">
    <LocalNames>
      <LocalName language="ru" name="Загрузить..." />
      <LocalName language="en" name="Load..." />
      <LocalName language="de" name="Laden..." />
    </LocalNames>
  </Data>
  <Data name="Foreshortening">
    <LocalNames>
      <LocalName language="ru" name="Ракурс" />
      <LocalName language="en" name="Foreshortening" />
      <LocalName language="de" name="Verkürzung" />
    </LocalNames>
  </Data>
  <Data name="Scale">
    <LocalNames>
      <LocalName language="ru" name="Масштаб" />
      <LocalName language="en" name="Scale" />
      <LocalName language="de" name="Maßstab" />
    </LocalNames>
  </Data>
  <Data name="Displacement">
    <LocalNames>
      <LocalName language="ru" name="Смещение" />
      <LocalName language="en" name="Displacement" />
      <LocalName language="de" name="Verschiebung" />
    </LocalNames>
  </Data>
  <Data name="SaveDisplacement">
    <LocalNames>
      <LocalName language="ru" name="Сохранить смещение" />
      <LocalName language="en" name="Save displacement" />
      <LocalName language="de" name="Verschiebung speichern" />
    </LocalNames>
  </Data>
  <Data name="Start">
    <LocalNames>
      <LocalName language="ru" name="Старт" />
      <LocalName language="en" name="Start" />
      <LocalName language="de" name="Starten" />
    </LocalNames>
  </Data>
  <Data name="Stop">
    <LocalNames>
      <LocalName language="ru" name="Стоп" />
      <LocalName language="en" name="Stop" />
      <LocalName language="de" name="Anhalten" />
    </LocalNames>
  </Data>
  <Data name="Add">
    <LocalNames>
      <LocalName language="ru" name="Добавить" />
      <LocalName language="en" name="Add" />
      <LocalName language="de" name="Hinzufügen" />
    </LocalNames>
  </Data>
  <Data name="AddToLibrary">
    <LocalNames>
      <LocalName language="ru" name="Добавить в библиотеку" />
      <LocalName language="en" name="Add to library" />
      <LocalName language="de" name="Zu Bibliotek hinzufügen" />
    </LocalNames>
  </Data>
  <Data name="AddToWorking">
    <LocalNames>
      <LocalName language="ru" name="Добавить в рабочую область" />
      <LocalName language="en" name="Add to working area" />
      <LocalName language="de" name="Zur Arbeitsoberfläche hinzufuegen" />
    </LocalNames>
  </Data>
  <Data name="Attention">
    <LocalNames>
      <LocalName language="ru" name="Внимание" />
      <LocalName language="en" name="Attention" />
      <LocalName language="de" name="Achtung" />
    </LocalNames>
  </Data>
  <Data name="Autoupdating">
    <LocalNames>
      <LocalName language="ru" name="Автообновление" />
      <LocalName language="en" name="Autoupdating" />
      <LocalName language="de" name="Automatisches Update" />
    </LocalNames>
  </Data>
  <Data name="Black">
    <LocalNames>
      <LocalName language="ru" name="Чёрный" />
      <LocalName language="en" name="Black" />
      <LocalName language="de" name="Schwarz" />
    </LocalNames>
  </Data>
  <Data name="Blacks">
    <LocalNames>
      <LocalName language="ru" name="Чёрные" />
      <LocalName language="en" name="Blacks" />
      <LocalName language="de" name="Schwarz" />
    </LocalNames>
  </Data>
  <Data name="BreakdownForeshortenings">
    <LocalNames>
      <LocalName language="ru" name="Разбивка по ракурсам" />
      <LocalName language="en" name="Breakdown on foreshortenings" />
      <LocalName language="de" name="Nach Verkürzungen anlegen" />
    </LocalNames>
  </Data>
  <Data name="Brown">
    <LocalNames>
      <LocalName language="ru" name="Коричневый" />
      <LocalName language="en" name="Brown" />
      <LocalName language="de" name="Braun" />
    </LocalNames>
  </Data>
  <Data name="Cancel">
    <LocalNames>
      <LocalName language="ru" name="Отмена" />
      <LocalName language="en" name="Cancel" />
      <LocalName language="de" name="Abbrechen" />
    </LocalNames>
  </Data>
  <Data name="CopyToBuffer">
    <LocalNames>
      <LocalName language="ru" name="Копировать в буфер" />
      <LocalName language="en" name="Copy to the buffer" />
      <LocalName language="de" name="Kopieren" />
    </LocalNames>
  </Data>
  <Data name="Dark">
    <LocalNames>
      <LocalName language="ru" name="Тёмный" />
      <LocalName language="en" name="Dark" />
      <LocalName language="de" name="Dunkel" />
    </LocalNames>
  </Data>
  <Data name="DarkBlue">
    <LocalNames>
      <LocalName language="ru" name="Синий" />
      <LocalName language="en" name="Dark blue" />
      <LocalName language="de" name="Dunkelblau" />
    </LocalNames>
  </Data>
  <Data name="DarkBlues">
    <LocalNames>
      <LocalName language="ru" name="Синие" />
      <LocalName language="en" name="Dark blue" />
      <LocalName language="de" name="Dunkelblau" />
    </LocalNames>
  </Data>
  <Data name="DarkRed">
    <LocalNames>
      <LocalName language="ru" name="Тёмно-рыжие" />
      <LocalName language="en" name="Dark-red" />
      <LocalName language="de" name="Dunkelrot" />
    </LocalNames>
  </Data>
  <Data name="Darks">
    <LocalNames>
      <LocalName language="ru" name="Тёмные" />
      <LocalName language="en" name="Dark" />
      <LocalName language="de" name="Dunkel" />
    </LocalNames>
  </Data>
  <Data name="DefaultPosition">
    <LocalNames>
      <LocalName language="ru" name="Расположить по умолчанию" />
      <LocalName language="en" name="Default position" />
      <LocalName language="de" name="Ausgangsposition" />
    </LocalNames>
  </Data>
  <Data name="Difference">
    <LocalNames>
      <LocalName language="ru" name="Разница" />
      <LocalName language="en" name="Difference" />
      <LocalName language="de" name="Differenz" />
    </LocalNames>
  </Data>
  <Data name="Dirty">
    <LocalNames>
      <LocalName language="ru" name="Грязные" />
      <LocalName language="en" name="Dirty" />
      <LocalName language="de" name="Schmutzig" />
    </LocalNames>
  </Data>
  <Data name="Edit">
    <LocalNames>
      <LocalName language="ru" name="Редактировать" />
      <LocalName language="en" name="Edit" />
      <LocalName language="de" name="Bearbeiten" />
    </LocalNames>
  </Data>
  <Data name="Editing">
    <LocalNames>
      <LocalName language="ru" name="Редактирование" />
      <LocalName language="en" name="Editing" />
      <LocalName language="de" name="Bearbeiten" />
    </LocalNames>
  </Data>
  <Data name="Error">
    <LocalNames>
      <LocalName language="ru" name="Ошибка" />
      <LocalName language="en" name="Error" />
      <LocalName language="de" name="Fehler" />
    </LocalNames>
  </Data>
  <Data name="FileContainsLocaPalettes">
    <LocalNames>
      <LocalName language="ru" name="Файл содержит локальные палитры. Конвертирование в sti невозможно" />
      <LocalName language="en" name="File contains local palettes. Converting in sti is impossible" />
      <LocalName language="de" name="Datei enthält lokale Paletten. Konvertieren in STI nicht möglich" />
    </LocalNames>
  </Data>
  <Data name="Files">
    <LocalNames>
      <LocalName language="ru" name="Файлы" />
      <LocalName language="en" name="Files" />
      <LocalName language="de" name="Dateien" />
    </LocalNames>
  </Data>
  <Data name="GrayHaired">
    <LocalNames>
      <LocalName language="ru" name="Седые" />
      <LocalName language="en" name="Gray-haired" />
      <LocalName language="en" name="Grauhaar" />
    </LocalNames>
  </Data>
  <Data name="Green">
    <LocalNames>
      <LocalName language="ru" name="Зелёный" />
      <LocalName language="en" name="Green" />
      <LocalName language="de" name="Grün" />
    </LocalNames>
  </Data>
  <Data name="Greens">
    <LocalNames>
      <LocalName language="ru" name="Зелёные" />
      <LocalName language="en" name="Green" />
      <LocalName language="de" name="Grün" />
    </LocalNames>
  </Data>
  <Data name="Grey">
    <LocalNames>
      <LocalName language="ru" name="Серый" />
      <LocalName language="en" name="Grey" />
      <LocalName language="de" name="Grau" />
    </LocalNames>
  </Data>
  <Data name="Hair">
    <LocalNames>
      <LocalName language="ru" name="Волосы" />
      <LocalName language="en" name="Hair" />
      <LocalName language="de" name="Haar" />
    </LocalNames>
  </Data>
  <Data name="Info">
    <LocalNames>
      <LocalName language="ru" name="Инфо" />
      <LocalName language="en" name="Info" />
      <LocalName language="de" name="Info" />
    </LocalNames>
  </Data>
  <Data name="Info2">
    <LocalNames>
      <LocalName language="ru" name="Инфо2" />
      <LocalName language="en" name="Info2" />
      <LocalName language="de" name="Info2" />
    </LocalNames>
  </Data>
  <Data name="InitialPalette">
    <LocalNames>
      <LocalName language="ru" name="Исходная палитра" />
      <LocalName language="en" name="Initial palette" />
      <LocalName language="de" name="Ausgangspalette" />
    </LocalNames>
  </Data>
  <Data name="InsertFromBuffer">
    <LocalNames>
      <LocalName language="ru" name="Вставить из буфера" />
      <LocalName language="en" name="Insert from buffer" />
      <LocalName language="de" name="Einfügen" />
    </LocalNames>
  </Data>
  <Data name="InTotalForeshortenings">
    <LocalNames>
      <LocalName language="ru" name="Всего ракурсов" />
      <LocalName language="en" name="In total foreshortenings" />
      <LocalName language="de" name="Gesamte Anzahl der Verkürzungen" />
    </LocalNames>
  </Data>
  <Data name="InTotalFrames">
    <LocalNames>
      <LocalName language="ru" name="Всего кадров" />
      <LocalName language="en" name="In total frames" />
      <LocalName language="de" name="Alle Bilder" />
    </LocalNames>
  </Data>
  <Data name="Jeans">
    <LocalNames>
      <LocalName language="ru" name="Джинсовая" />
      <LocalName language="en" name="Jeans" />
      <LocalName language="de" name="Jeans" />
    </LocalNames>
  </Data>
  <Data name="Jeanses">
    <LocalNames>
      <LocalName language="ru" name="Джинсовые" />
      <LocalName language="en" name="Jeans" />
      <LocalName language="de" name="Jeans" />
    </LocalNames>
  </Data>
  <Data name="Jersey">
    <LocalNames>
      <LocalName language="ru" name="Фуфайка" />
      <LocalName language="en" name="Jersey" />
      <LocalName language="de" name="Strickjacke" />
    </LocalNames>
  </Data>
  <Data name="Leather">
    <LocalNames>
      <LocalName language="ru" name="Кожанные" />
      <LocalName language="en" name="Leather" />
      <LocalName language="de" name="Leder" />
    </LocalNames>
  </Data>
  <Data name="Light">
    <LocalNames>
      <LocalName language="ru" name="Светлые" />
      <LocalName language="en" name="Light" />
      <LocalName language="de" name="Hell" />
    </LocalNames>
  </Data>
  <Data name="LoadingError">
    <LocalNames>
      <LocalName language="ru" name="Ошибка при загрузке файла" />
      <LocalName language="en" name="Error at loading a file" />
      <LocalName language="de" name="Fehler bei öffnen der Datei" />
    </LocalNames>
  </Data>
  <Data name="MyPalette">
    <LocalNames>
      <LocalName language="ru" name="Моя палитра" />
      <LocalName language="en" name="My palette" />
      <LocalName language="de" name="Meine Palette" />
    </LocalNames>
  </Data>
  <Data name="NoAnimated">
    <LocalNames>
      <LocalName language="ru" name="STI-файл не анимированный" />
      <LocalName language="en" name="STI-file isn't an animation" />
      <LocalName language="de" name="STI-Datei ist keine Animation" />
    </LocalNames>
  </Data>
  <Data name="NoFile">
    <LocalNames>
      <LocalName language="ru" name="В папке приложения нет файла" />
      <LocalName language="en" name="In a folder of the application there is no file" />
      <LocalName language="de" name="Datei im Programmordner existiert nicht" />
    </LocalNames>
  </Data>
  <Data name="NoFolder">
    <LocalNames>
      <LocalName language="ru" name="В папке приложения нет папки Background" />
      <LocalName language="en" name="In a folder of the application there is no folder Background" />
      <LocalName language="de" name="Ordner Background im Programmordner existiert nicht" />
    </LocalNames>
  </Data>
  <Data name="NotAPicture">
    <LocalNames>
      <LocalName language="ru" name="не является картинкой" />
      <LocalName language="en" name="is not a picture" />
      <LocalName language="de" name="nicht vorhanden" />
    </LocalNames>
  </Data>
  <Data name="NotExists">
    <LocalNames>
      <LocalName language="ru" name="не существует" />
      <LocalName language="en" name="not exists" />
      <LocalName language="de" name="nicht vorhanden" />
    </LocalNames>
  </Data>
  <Data name="Number">
    <LocalNames>
      <LocalName language="ru" name="Номер кадра" />
      <LocalName language="en" name="Frame number" />
      <LocalName language="de" name="Bildnummer" />
    </LocalNames>
  </Data>
  <Data name="Palette">
    <LocalNames>
      <LocalName language="ru" name="Палитра" />
      <LocalName language="en" name="Palette" />
      <LocalName language="de" name="Palette" />
    </LocalNames>
  </Data>
  <Data name="PaletteName">
    <LocalNames>
      <LocalName language="ru" name="Название палитры" />
      <LocalName language="en" name="Palette name" />
      <LocalName language="de" name="Palettenname" />
    </LocalNames>
  </Data>
  <Data name="Pink">
    <LocalNames>
      <LocalName language="ru" name="Розовый" />
      <LocalName language="en" name="Pink" />
      <LocalName language="de" name="Pink" />
    </LocalNames>
  </Data>
  <Data name="Red">
    <LocalNames>
      <LocalName language="ru" name="Красый" />
      <LocalName language="en" name="Red" />
      <LocalName language="de" name="Rot" />
    </LocalNames>
  </Data>
  <Data name="Refresh">
    <LocalNames>
      <LocalName language="ru" name="Обновить" />
      <LocalName language="en" name="Refresh" />
      <LocalName language="de" name="Erneuern" />
    </LocalNames>
  </Data>
  <Data name="Remove">
    <LocalNames>
      <LocalName language="ru" name="Удалить" />
      <LocalName language="en" name="Remove" />
      <LocalName language="de" name="Löschen" />
    </LocalNames>
  </Data>
  <Data name="RemovePalette">
    <LocalNames>
      <LocalName language="ru" name="Удалть палитру" />
      <LocalName language="en" name="Remove a palette" />
      <LocalName language="de" name="Palette löschen" />
    </LocalNames>
  </Data>
  <Data name="Roody">
    <LocalNames>
      <LocalName language="ru" name="Рыжие" />
      <LocalName language="en" name="Roody" />
      <LocalName language="de" name="Rot" />
    </LocalNames>
  </Data>
  <Data name="SaveDisplacementForWorking">
    <LocalNames>
      <LocalName language="ru" name="Сохранить смещения левого спрайта для текущей рабочей области?" />
      <LocalName language="en" name="Save displacement left animation for current working area?" />
      <LocalName language="de" name="Verschiebung des linken Sprites für die akteulle Arbeitsoberfläche speichern" />
    </LocalNames>
  </Data>
  <Data name="SavePalette">
    <LocalNames>
      <LocalName language="ru" name="Сохранение палитры" />
      <LocalName language="en" name="Save palette" />
      <LocalName language="de" name="Palette speichern" />
    </LocalNames>
  </Data>
  <Data name="SaveToBMP">
    <LocalNames>
      <LocalName language="ru" name="Сохранить в BMP" />
      <LocalName language="en" name="Save to BMP" />
      <LocalName language="de" name="Als BMP speichern" />
    </LocalNames>
  </Data>
  <Data name="SaveToGIF">
    <LocalNames>
      <LocalName language="ru" name="Сохранить в GIF" />
      <LocalName language="en" name="Save to GIF" />
      <LocalName language="de" name="Als GIF speichern" />
    </LocalNames>
  </Data>
  <Data name="SaveToSTI">
    <LocalNames>
      <LocalName language="ru" name="Сохранить в STI" />
      <LocalName language="en" name="Save to STI" />
      <LocalName language="de" name="Als STI speichern" />
    </LocalNames>
  </Data>
  <Data name="SaveToTIFF">
    <LocalNames>
      <LocalName language="ru" name="Сохранить в TIFF" />
      <LocalName language="en" name="Save to TIFF" />
      <LocalName language="de" name="Als TIFF speichern" />
    </LocalNames>
  </Data>
  <Data name="Shadow">
    <LocalNames>
      <LocalName language="ru" name="Тень" />
      <LocalName language="en" name="Shadow" />
      <LocalName language="de" name="Schatten" />
    </LocalNames>
  </Data>
  <Data name="ShowAll">
    <LocalNames>
      <LocalName language="ru" name="Показать все" />
      <LocalName language="en" name="Show all" />
      <LocalName language="de" name="Alles zeigen" />
    </LocalNames>
  </Data>
  <Data name="Skin">
    <LocalNames>
      <LocalName language="ru" name="Кожа" />
      <LocalName language="en" name="Skin" />
      <LocalName language="de" name="Haut" />
    </LocalNames>
  </Data>
  <Data name="SumForeshortenings">
    <LocalNames>
      <LocalName language="ru" name="Сумма по ракурсам" />
      <LocalName language="en" name="Sum on foreshortenings" />
      <LocalName language="de" name="Summe der Verkürzungen" />
    </LocalNames>
  </Data>
  <Data name="Sunburnt">
    <LocalNames>
      <LocalName language="ru" name="Загорелый" />
      <LocalName language="en" name="Sunburnt" />
      <LocalName language="de" name="Sonnengebräunt" />
    </LocalNames>
  </Data>
  <Data name="Transparent">
    <LocalNames>
      <LocalName language="ru" name="Прозрачная" />
      <LocalName language="en" name="Transparent" />
      <LocalName language="de" name="Transparent" />
    </LocalNames>
  </Data>
  <Data name="Trousers">
    <LocalNames>
      <LocalName language="ru" name="Штаны" />
      <LocalName language="en" name="Trousers" />
      <LocalName language="de" name="Hose" />
    </LocalNames>
  </Data>
  <Data name="View">
    <LocalNames>
      <LocalName language="ru" name="Просмотреть" />
      <LocalName language="en" name="Play" />
      <LocalName language="de" name="Abspielen" />
    </LocalNames>
  </Data>
  <Data name="ViewSynchronously">
    <LocalNames>
      <LocalName language="ru" name="Просмотреть синхронно" />
      <LocalName language="en" name="Play synchronously" />
      <LocalName language="de" name="Synchron abspielen" />
    </LocalNames>
  </Data>
  <Data name="Violet">
    <LocalNames>
      <LocalName language="ru" name="Фиолетовый" />
      <LocalName language="en" name="Violet" />
      <LocalName language="de" name="Violet" />
    </LocalNames>
  </Data>
  <Data name="White">
    <LocalNames>
      <LocalName language="ru" name="Белый" />
      <LocalName language="en" name="White" />
      <LocalName language="de" name="Weiß" />
    </LocalNames>
  </Data>
  <Data name="Woolen">
    <LocalNames>
      <LocalName language="ru" name="Шерстяные" />
      <LocalName language="en" name="Woolen" />
      <LocalName language="de" name="Wolle" />
    </LocalNames>
  </Data>
  <Data name="Yellow">
    <LocalNames>
      <LocalName language="ru" name="Жёлтая" />
      <LocalName language="en" name="Yellow" />
      <LocalName language="de" name="Gelb" />
    </LocalNames>
  </Data>
  <Data name="AddToPlayer">
    <LocalNames>
      <LocalName language="ru" name="Добавить в проигрыватель" />
      <LocalName language="en" name="Add to player" />
    </LocalNames>
  </Data>
  <Data name="ForAllFrames">
    <LocalNames>
      <LocalName language="ru" name="Для всех кадров" />
      <LocalName language="en" name="For all frames" />
    </LocalNames>
  </Data>
  <Data name="DrawTile">
    <LocalNames>
      <LocalName language="ru" name="Отрисовывать тайл" />
      <LocalName language="en" name="Draw tile" />
    </LocalNames>
  </Data>
  <Data name="TransparentBackground">
    <LocalNames>
      <LocalName language="ru" name="Прозрачный фон" />
      <LocalName language="en" name="Transparent background" />
    </LocalNames>
  </Data>
  <Data name="TransparentShadow">
    <LocalNames>
      <LocalName language="ru" name="Прозрачная тень" />
      <LocalName language="en" name="Transparent shadow" />
    </LocalNames>
  </Data>
  <Data name="IndicatePixels">
    <LocalNames>
      <LocalName language="ru" name="Показать пиксели" />
      <LocalName language="en" name="Indicate pixels" />
    </LocalNames>    
  </Data>
</ArrayOfData>
